id,first_name,last_name,email,gender,grade
1,Dorita,McPeake,dmcpeake0@paypal.com,Female,9.1
2,Fanechka,Label,flabel1@netlog.com,Female,1.9
3,Dehlia,Frewer,dfrewer2@soup.io,Genderfluid,5.2
4,Lesya,Snowden,lsnowden3@about.me,Female,2.7
5,Miguel,Mauro,mmauro4@goo.ne.jp,Male,8.5
6,Ring,McCathy,rmccathy5@ebay.com,Male,3.1
7,Sigfrid,Grigoriscu,sgrigoriscu6@yolasite.com,Male,5.6
8,Margot,Fielden,mfielden7@opera.com,Female,4.7
9,Wilfred,Delafont,wdelafont8@edublogs.org,Male,7.3
10,Siffre,Thuillier,sthuillier9@youku.com,Male,7.1
11,Daryle,Wybron,dwybrona@xing.com,Male,7.4
12,Josefina,Cattermole,jcattermoleb@facebook.com,Female,6.9
13,Gilburt,Andreichik,gandreichikc@illinois.edu,Male,6.2
14,Theodor,Mendes,tmendesd@buzzfeed.com,Male,2.5
15,Ray,Boggon,rboggone@senate.gov,Female,8.5
16,Bertha,Rentoll,brentollf@google.fr,Female,3.8
17,Blondie,Kezourec,bkezourecg@forbes.com,Female,3.9
18,Clive,O' Mullane,comullaneh@blogger.com,Male,4.3
19,Sauncho,Behrendsen,sbehrendseni@amazonaws.com,Male,8.9
20,Rahal,Loan,rloanj@zdnet.com,Female,3.3
21,Gabby,Odam,godamk@globo.com,Male,1.7
22,Jacklyn,Cicchinelli,jcicchinellil@harvard.edu,Female,3.7
23,Mattie,Rowantree,mrowantreem@sogou.com,Male,7.9
24,Benn,Brocklebank,bbrocklebankn@naver.com,Male,8.1
25,Kristo,Boyson,kboysono@dagondesign.com,Male,8.4
26,Dannie,Belasco,dbelascop@ftc.gov,Female,4.3
27,Alanna,Ethelston,aethelstonq@wsj.com,Female,3.5
28,Wit,Blaschek,wblaschekr@pagesperso-orange.fr,Male,6.2
29,Chandler,Thrower,cthrowers@jigsy.com,Male,5.8
30,Wenda,Rosso,wrossot@rambler.ru,Female,5.8
31,Joellyn,Barrington,jbarringtonu@imageshack.us,Female,1.3
32,Jules,Swallow,jswallowv@wordpress.org,Male,7.8
33,Julietta,Caulcott,jcaulcottw@webnode.com,Female,3.1
34,Jacquenette,Forre,jforrex@dagondesign.com,Female,4.1
35,Thaddus,Ashburner,tashburnery@infoseek.co.jp,Male,7.7
36,Susy,Heenan,sheenanz@lulu.com,Female,7.4
37,Abagail,Clingoe,aclingoe10@illinois.edu,Female,2.4
38,Tildi,McTerrelly,tmcterrelly11@marketwatch.com,Female,4
39,Durante,Brackley,dbrackley12@yahoo.com,Male,4.2
40,Lorianne,Hindhaugh,lhindhaugh13@hao123.com,Bigender,7
41,Sibilla,Walcot,swalcot14@wunderground.com,Agender,8.6
42,Irita,Gluyus,igluyus15@wisc.edu,Genderqueer,2.9
43,Hali,Penreth,hpenreth16@delicious.com,Female,5.9
44,Darrelle,Haugen,dhaugen17@mapquest.com,Genderqueer,7.1
45,Tomi,Jeeks,tjeeks18@xing.com,Female,1.8
46,Hephzibah,Saltmarshe,hsaltmarshe19@twitpic.com,Polygender,5.4
47,Bondon,Janicki,bjanicki1a@blog.com,Male,1
48,Jarrett,Esilmon,jesilmon1b@tamu.edu,Male,9.8
49,Aretha,Endrighi,aendrighi1c@twitpic.com,Female,6.5
50,Nappie,Norkett,nnorkett1d@adobe.com,Male,7.3
51,Land,Benbrick,lbenbrick1e@facebook.com,Male,4.6
52,Adamo,Camble,acamble1f@cnn.com,Male,2.9
53,Northrup,Reah,nreah1g@dell.com,Male,4.2
54,Minnaminnie,Gill,mgill1h@sohu.com,Female,7.8
55,Elane,Vonderdell,evonderdell1i@ow.ly,Female,6.4
56,Scottie,Menico,smenico1j@pcworld.com,Bigender,6.7
57,Georgie,Labden,glabden1k@dagondesign.com,Male,9.4
58,Korry,Gaudon,kgaudon1l@reverbnation.com,Female,3.6
59,Grady,Dell,gdell1m@myspace.com,Male,4.8
60,Nell,Klemmt,nklemmt1n@telegraph.co.uk,Female,2.6
61,Maribeth,Crix,mcrix1o@wufoo.com,Female,1.7
62,Reinhold,Moubray,rmoubray1p@bloomberg.com,Male,3.6
63,Jourdan,Cescoti,jcescoti1q@usgs.gov,Female,4.3
64,Amelia,Gorring,agorring1r@mozilla.com,Female,3.3
65,Bethanne,Blues,bblues1s@guardian.co.uk,Genderfluid,8.9
66,Venus,Benoix,vbenoix1t@nationalgeographic.com,Female,9.5
67,Yolanda,Lemme,ylemme1u@mozilla.com,Female,4.9
68,Denny,Caccavale,dcaccavale1v@addthis.com,Bigender,2.7
69,Verge,Chater,vchater1w@gizmodo.com,Male,5.2
70,Heather,Simnor,hsimnor1x@patch.com,Female,3.4
71,Derry,Lethibridge,dlethibridge1y@imgur.com,Male,2.9
72,Iosep,Eastmead,ieastmead1z@usatoday.com,Male,3.4
73,Amory,Ahlf,aahlf20@squarespace.com,Male,9.7
74,Gareth,Howlett,ghowlett21@sakura.ne.jp,Male,7.5
75,Kelcy,McCague,kmccague22@blogspot.com,Female,2.2
76,Hatti,Sonley,hsonley23@1und1.de,Female,8.5
77,Husain,Schumacher,hschumacher24@trellian.com,Male,4.8
78,Tamma,Pioli,tpioli25@cyberchimps.com,Female,3.7
79,Tomlin,Simacek,tsimacek26@hp.com,Male,7.2
80,Rozelle,Rantoul,rrantoul27@tinyurl.com,Female,9.8
81,Reuven,Pirozzi,rpirozzi28@europa.eu,Male,10
82,Petronilla,Poytress,ppoytress29@sakura.ne.jp,Female,3.4
83,Lyn,Gercke,lgercke2a@nps.gov,Female,4.7
84,Merv,Barnes,mbarnes2b@wikipedia.org,Male,5.2
85,Shawn,Thorouggood,sthorouggood2c@google.co.uk,Female,7.3
86,Valera,Ferroni,vferroni2d@lulu.com,Female,4.3
87,Nelly,Botham,nbotham2e@timesonline.co.uk,Female,3.6
88,Mack,Bolton,mbolton2f@wikispaces.com,Male,2.3
89,Axe,Althrop,aalthrop2g@wordpress.org,Male,2.6
90,Brandie,Langer,blanger2h@buzzfeed.com,Female,6.8
91,Jermayne,MacRirie,jmacririe2i@cloudflare.com,Male,8.1
92,Andra,Harrinson,aharrinson2j@pinterest.com,Female,2.2
93,Lemmie,Worling,lworling2k@goodreads.com,Male,1.3
94,Amelina,Peltz,apeltz2l@ucoz.com,Female,6.8
95,Basil,Ector,bector2m@indiatimes.com,Male,9.6
96,Merilee,Aspole,maspole2n@blog.com,Female,6.6
97,Sal,Currell,scurrell2o@wired.com,Agender,5.8
98,Ellyn,Covotti,ecovotti2p@deliciousdays.com,Female,2.8
99,Erl,Bartos,ebartos2q@imdb.com,Male,2.1
100,Katharyn,Spur,kspur2r@cloudflare.com,Female,3.7
