id,name,age,department,salary,experience
4,Elden Strachan,78,Support,22,52
42,Angus Moloney,83,Marketing,61,39
87,Morgan Stienham,95,Services,3,79
30,Alyce Robarts,39,Legal,13,78
80,Enriqueta Drover,20,Accounting,43,7
63,Trudi Ridde,17,Sales,75,88
28,Justis Larmouth,20,Business Development,60,57
67,Ruperta Laise,63,Business Development,90,72
95,Dennet Jina,14,Accounting,79,77
39,Chandal Roser,22,Human Resources,8,45
2,Marylou Buessen,61,Accounting,66,97
28,Albrecht Maitland,2,Business Development,31,10
61,Raynard Ravenscroftt,47,Legal,65,97
19,Lulita Orgee,21,Support,77,74
96,Perkin Yare,39,Engineering,90,8
49,Ulrich Ilchuk,56,Marketing,63,80
22,Edik Hedingham,62,Accounting,91,20
15,Saleem Fernier,18,Training,94,42
35,Granny Addie,45,Human Resources,13,42
39,Holly Crown,33,Accounting,53,21
59,Fern Clemmett,35,Research and Development,89,23
92,Corbet McAleese,26,Research and Development,77,8
88,Janna Osichev,55,Marketing,38,29
21,Nickie Pady,19,Marketing,7,38
19,Bev Peppin,65,Marketing,86,6
99,Mufi Elt,68,Product Management,14,9
100,Margarita Slocomb,23,Accounting,6,67
48,Roze Adamkiewicz,14,Legal,57,17
58,Tabatha Heijne,27,Accounting,40,69
2,Danika Clitherow,12,Human Resources,44,62
13,Rozella Burnard,12,Legal,13,94
61,Milissent Ingyon,42,Accounting,62,70
85,Roosevelt Copes,93,Engineering,36,20
11,Damien Dudley,24,Sales,3,35
80,Reider Delong,31,Accounting,66,36
76,Rosalia O'Criane,10,Business Development,45,49
57,Tuck Blakely,19,Engineering,84,62
5,Phillida Meijer,83,Engineering,99,29
98,Simone Crosby,84,Research and Development,29,37
11,Kristi Coleyshaw,90,Product Management,100,73
51,Aurlie Immings,91,Training,9,24
97,Dominica Stollmeyer,73,Engineering,91,72
89,Jemmy Pane,47,Sales,45,28
11,Minnnie Latta,51,Business Development,86,52
54,Barton Milksop,64,Legal,11,33
71,Powell Bettis,38,Sales,31,26
37,Horace Doul,87,Legal,38,18
6,Hadlee Kiendl,69,Research and Development,19,12
10,Shirleen Stedall,65,Engineering,87,4
22,Nicky Livingston,26,Services,33,26
66,Judas Howroyd,50,Product Management,100,75
13,Cosmo Grew,55,Business Development,2,39
18,Claresta Cannicott,92,Sales,72,87
50,Boycey Larman,78,Support,74,37
44,Eveleen Maus,28,Business Development,53,75
59,Tove Pech,36,Accounting,2,95
9,Briano Curnnok,50,Engineering,16,10
39,Karry Fouracre,9,Support,31,34
42,Karlik Ainge,60,Sales,42,28
24,Gabrielle Goldring,48,Legal,83,62
20,Christy Haughin,43,Human Resources,55,22
88,Adelaida Baggarley,14,Accounting,52,47
20,Ruperto Marks,3,Engineering,50,63
10,Franz Roelofs,75,Legal,19,22
19,Casie Frayling,69,Product Management,28,65
56,Jocelyn Kissack,8,Support,82,29
94,Birk Perritt,87,Marketing,97,81
95,Patric Frosch,76,Accounting,97,48
13,Milzie Benza,90,Training,34,16
31,Chrissie De Lacey,71,Research and Development,65,22
61,Joline Koppe,56,Engineering,73,56
78,Jefferey Gebbie,97,Support,79,67
68,Kizzee Warlock,55,Legal,66,47
79,Griffin Leuty,84,Human Resources,67,100
100,Emmalynne Sobey,18,Business Development,7,54
56,Diandra Ewdale,32,Training,99,47
37,Waiter Gravy,17,Marketing,8,92
17,Sydelle Blaksland,84,Business Development,67,74
4,Reynold Woodcock,15,Research and Development,75,15
4,Suellen Astill,22,Marketing,64,31
14,Ferdy Sreenan,8,Support,12,36
12,Addison Ashbridge,36,Research and Development,16,10
20,Reid Marns,57,Sales,88,13
93,Jennine Chumley,100,Human Resources,45,20
1,Ingram Brockton,66,Sales,94,15
32,Aldus Dumbare,32,Business Development,18,81
22,Kipp Reardon,40,Human Resources,36,31
11,Early Deinhardt,77,Business Development,37,58
61,Margaretta Toffel,50,Accounting,68,53
5,Melantha Spruce,10,Product Management,75,57
34,Garrick Rapper,75,Accounting,60,19
52,Lory Itzhaiek,93,Support,85,22
87,Consuelo O'Grogane,43,Research and Development,26,6
93,Erl Rablin,18,Training,79,60
76,Thomasina Beadnall,46,Sales,85,65
94,Hunt Docksey,22,Research and Development,75,88
68,Lorenzo Perrott,27,Sales,87,41
62,Elizabet MacTavish,2,Research and Development,7,44
55,Laney Nelthorp,66,Accounting,25,38
34,Prescott Wooddisse,16,Sales,16,27
